,imgs,masks
0,/storage/workspaces/artorg_aimi/ws_00000/Negin/RETOUCH/img_dataset2/RETOUCH-TrainingSet-Topcon/imgs_IRF/TRAIN067_71.png,/storage/workspaces/artorg_aimi/ws_00000/Negin/RETOUCH/img_dataset2/RETOUCH-TrainingSet-Topcon/IRF/TRAIN067_71.png
1,/storage/workspaces/artorg_aimi/ws_00000/Negin/RETOUCH/img_dataset2/RETOUCH-TrainingSet-Topcon/imgs_IRF/TRAIN062_25.png,/storage/workspaces/artorg_aimi/ws_00000/Negin/RETOUCH/img_dataset2/RETOUCH-TrainingSet-Topcon/IRF/TRAIN062_25.png
2,/storage/workspaces/artorg_aimi/ws_00000/Negin/RETOUCH/img_dataset2/RETOUCH-TrainingSet-Topcon/imgs_IRF/TRAIN066_58.png,/storage/workspaces/artorg_aimi/ws_00000/Negin/RETOUCH/img_dataset2/RETOUCH-TrainingSet-Topcon/IRF/TRAIN066_58.png
3,/storage/workspaces/artorg_aimi/ws_00000/Negin/RETOUCH/img_dataset2/RETOUCH-TrainingSet-Topcon/imgs_IRF/TRAIN067_42.png,/storage/workspaces/artorg_aimi/ws_00000/Negin/RETOUCH/img_dataset2/RETOUCH-TrainingSet-Topcon/IRF/TRAIN067_42.png
4,/storage/workspaces/artorg_aimi/ws_00000/Negin/RETOUCH/img_dataset2/RETOUCH-TrainingSet-Topcon/imgs_IRF/TRAIN066_61.png,/storage/workspaces/artorg_aimi/ws_00000/Negin/RETOUCH/img_dataset2/RETOUCH-TrainingSet-Topcon/IRF/TRAIN066_61.png
5,/storage/workspaces/artorg_aimi/ws_00000/Negin/RETOUCH/img_dataset2/RETOUCH-TrainingSet-Topcon/imgs_IRF/TRAIN066_72.png,/storage/workspaces/artorg_aimi/ws_00000/Negin/RETOUCH/img_dataset2/RETOUCH-TrainingSet-Topcon/IRF/TRAIN066_72.png
6,/storage/workspaces/artorg_aimi/ws_00000/Negin/RETOUCH/img_dataset2/RETOUCH-TrainingSet-Topcon/imgs_IRF/TRAIN067_56.png,/storage/workspaces/artorg_aimi/ws_00000/Negin/RETOUCH/img_dataset2/RETOUCH-TrainingSet-Topcon/IRF/TRAIN067_56.png
7,/storage/workspaces/artorg_aimi/ws_00000/Negin/RETOUCH/img_dataset2/RETOUCH-TrainingSet-Topcon/imgs_IRF/TRAIN067_93.png,/storage/workspaces/artorg_aimi/ws_00000/Negin/RETOUCH/img_dataset2/RETOUCH-TrainingSet-Topcon/IRF/TRAIN067_93.png
8,/storage/workspaces/artorg_aimi/ws_00000/Negin/RETOUCH/img_dataset2/RETOUCH-TrainingSet-Topcon/imgs_IRF/TRAIN067_76.png,/storage/workspaces/artorg_aimi/ws_00000/Negin/RETOUCH/img_dataset2/RETOUCH-TrainingSet-Topcon/IRF/TRAIN067_76.png
9,/storage/workspaces/artorg_aimi/ws_00000/Negin/RETOUCH/img_dataset2/RETOUCH-TrainingSet-Topcon/imgs_IRF/TRAIN067_39.png,/storage/workspaces/artorg_aimi/ws_00000/Negin/RETOUCH/img_dataset2/RETOUCH-TrainingSet-Topcon/IRF/TRAIN067_39.png
10,/storage/workspaces/artorg_aimi/ws_00000/Negin/RETOUCH/img_dataset2/RETOUCH-TrainingSet-Topcon/imgs_IRF/TRAIN067_66.png,/storage/workspaces/artorg_aimi/ws_00000/Negin/RETOUCH/img_dataset2/RETOUCH-TrainingSet-Topcon/IRF/TRAIN067_66.png
11,/storage/workspaces/artorg_aimi/ws_00000/Negin/RETOUCH/img_dataset2/RETOUCH-TrainingSet-Topcon/imgs_IRF/TRAIN067_57.png,/storage/workspaces/artorg_aimi/ws_00000/Negin/RETOUCH/img_dataset2/RETOUCH-TrainingSet-Topcon/IRF/TRAIN067_57.png
12,/storage/workspaces/artorg_aimi/ws_00000/Negin/RETOUCH/img_dataset2/RETOUCH-TrainingSet-Topcon/imgs_IRF/TRAIN067_87.png,/storage/workspaces/artorg_aimi/ws_00000/Negin/RETOUCH/img_dataset2/RETOUCH-TrainingSet-Topcon/IRF/TRAIN067_87.png
13,/storage/workspaces/artorg_aimi/ws_00000/Negin/RETOUCH/img_dataset2/RETOUCH-TrainingSet-Topcon/imgs_IRF/TRAIN067_86.png,/storage/workspaces/artorg_aimi/ws_00000/Negin/RETOUCH/img_dataset2/RETOUCH-TrainingSet-Topcon/IRF/TRAIN067_86.png
14,/storage/workspaces/artorg_aimi/ws_00000/Negin/RETOUCH/img_dataset2/RETOUCH-TrainingSet-Topcon/imgs_IRF/TRAIN066_48.png,/storage/workspaces/artorg_aimi/ws_00000/Negin/RETOUCH/img_dataset2/RETOUCH-TrainingSet-Topcon/IRF/TRAIN066_48.png
15,/storage/workspaces/artorg_aimi/ws_00000/Negin/RETOUCH/img_dataset2/RETOUCH-TrainingSet-Topcon/imgs_IRF/TRAIN067_53.png,/storage/workspaces/artorg_aimi/ws_00000/Negin/RETOUCH/img_dataset2/RETOUCH-TrainingSet-Topcon/IRF/TRAIN067_53.png
16,/storage/workspaces/artorg_aimi/ws_00000/Negin/RETOUCH/img_dataset2/RETOUCH-TrainingSet-Topcon/imgs_IRF/TRAIN067_81.png,/storage/workspaces/artorg_aimi/ws_00000/Negin/RETOUCH/img_dataset2/RETOUCH-TrainingSet-Topcon/IRF/TRAIN067_81.png
17,/storage/workspaces/artorg_aimi/ws_00000/Negin/RETOUCH/img_dataset2/RETOUCH-TrainingSet-Topcon/imgs_IRF/TRAIN066_73.png,/storage/workspaces/artorg_aimi/ws_00000/Negin/RETOUCH/img_dataset2/RETOUCH-TrainingSet-Topcon/IRF/TRAIN066_73.png
18,/storage/workspaces/artorg_aimi/ws_00000/Negin/RETOUCH/img_dataset2/RETOUCH-TrainingSet-Topcon/imgs_IRF/TRAIN066_69.png,/storage/workspaces/artorg_aimi/ws_00000/Negin/RETOUCH/img_dataset2/RETOUCH-TrainingSet-Topcon/IRF/TRAIN066_69.png
19,/storage/workspaces/artorg_aimi/ws_00000/Negin/RETOUCH/img_dataset2/RETOUCH-TrainingSet-Topcon/imgs_IRF/TRAIN062_6.png,/storage/workspaces/artorg_aimi/ws_00000/Negin/RETOUCH/img_dataset2/RETOUCH-TrainingSet-Topcon/IRF/TRAIN062_6.png
20,/storage/workspaces/artorg_aimi/ws_00000/Negin/RETOUCH/img_dataset2/RETOUCH-TrainingSet-Topcon/imgs_IRF/TRAIN067_43.png,/storage/workspaces/artorg_aimi/ws_00000/Negin/RETOUCH/img_dataset2/RETOUCH-TrainingSet-Topcon/IRF/TRAIN067_43.png
21,/storage/workspaces/artorg_aimi/ws_00000/Negin/RETOUCH/img_dataset2/RETOUCH-TrainingSet-Topcon/imgs_IRF/TRAIN067_41.png,/storage/workspaces/artorg_aimi/ws_00000/Negin/RETOUCH/img_dataset2/RETOUCH-TrainingSet-Topcon/IRF/TRAIN067_41.png
22,/storage/workspaces/artorg_aimi/ws_00000/Negin/RETOUCH/img_dataset2/RETOUCH-TrainingSet-Topcon/imgs_IRF/TRAIN066_54.png,/storage/workspaces/artorg_aimi/ws_00000/Negin/RETOUCH/img_dataset2/RETOUCH-TrainingSet-Topcon/IRF/TRAIN066_54.png
23,/storage/workspaces/artorg_aimi/ws_00000/Negin/RETOUCH/img_dataset2/RETOUCH-TrainingSet-Topcon/imgs_IRF/TRAIN067_44.png,/storage/workspaces/artorg_aimi/ws_00000/Negin/RETOUCH/img_dataset2/RETOUCH-TrainingSet-Topcon/IRF/TRAIN067_44.png
24,/storage/workspaces/artorg_aimi/ws_00000/Negin/RETOUCH/img_dataset2/RETOUCH-TrainingSet-Topcon/imgs_IRF/TRAIN066_47.png,/storage/workspaces/artorg_aimi/ws_00000/Negin/RETOUCH/img_dataset2/RETOUCH-TrainingSet-Topcon/IRF/TRAIN066_47.png
25,/storage/workspaces/artorg_aimi/ws_00000/Negin/RETOUCH/img_dataset2/RETOUCH-TrainingSet-Topcon/imgs_IRF/TRAIN062_21.png,/storage/workspaces/artorg_aimi/ws_00000/Negin/RETOUCH/img_dataset2/RETOUCH-TrainingSet-Topcon/IRF/TRAIN062_21.png
26,/storage/workspaces/artorg_aimi/ws_00000/Negin/RETOUCH/img_dataset2/RETOUCH-TrainingSet-Topcon/imgs_IRF/TRAIN066_64.png,/storage/workspaces/artorg_aimi/ws_00000/Negin/RETOUCH/img_dataset2/RETOUCH-TrainingSet-Topcon/IRF/TRAIN066_64.png
27,/storage/workspaces/artorg_aimi/ws_00000/Negin/RETOUCH/img_dataset2/RETOUCH-TrainingSet-Topcon/imgs_IRF/TRAIN066_59.png,/storage/workspaces/artorg_aimi/ws_00000/Negin/RETOUCH/img_dataset2/RETOUCH-TrainingSet-Topcon/IRF/TRAIN066_59.png
28,/storage/workspaces/artorg_aimi/ws_00000/Negin/RETOUCH/img_dataset2/RETOUCH-TrainingSet-Topcon/imgs_IRF/TRAIN062_12.png,/storage/workspaces/artorg_aimi/ws_00000/Negin/RETOUCH/img_dataset2/RETOUCH-TrainingSet-Topcon/IRF/TRAIN062_12.png
29,/storage/workspaces/artorg_aimi/ws_00000/Negin/RETOUCH/img_dataset2/RETOUCH-TrainingSet-Topcon/imgs_IRF/TRAIN067_54.png,/storage/workspaces/artorg_aimi/ws_00000/Negin/RETOUCH/img_dataset2/RETOUCH-TrainingSet-Topcon/IRF/TRAIN067_54.png
30,/storage/workspaces/artorg_aimi/ws_00000/Negin/RETOUCH/img_dataset2/RETOUCH-TrainingSet-Topcon/imgs_IRF/TRAIN067_62.png,/storage/workspaces/artorg_aimi/ws_00000/Negin/RETOUCH/img_dataset2/RETOUCH-TrainingSet-Topcon/IRF/TRAIN067_62.png
31,/storage/workspaces/artorg_aimi/ws_00000/Negin/RETOUCH/img_dataset2/RETOUCH-TrainingSet-Topcon/imgs_IRF/TRAIN067_69.png,/storage/workspaces/artorg_aimi/ws_00000/Negin/RETOUCH/img_dataset2/RETOUCH-TrainingSet-Topcon/IRF/TRAIN067_69.png
32,/storage/workspaces/artorg_aimi/ws_00000/Negin/RETOUCH/img_dataset2/RETOUCH-TrainingSet-Topcon/imgs_IRF/TRAIN067_77.png,/storage/workspaces/artorg_aimi/ws_00000/Negin/RETOUCH/img_dataset2/RETOUCH-TrainingSet-Topcon/IRF/TRAIN067_77.png
33,/storage/workspaces/artorg_aimi/ws_00000/Negin/RETOUCH/img_dataset2/RETOUCH-TrainingSet-Topcon/imgs_IRF/TRAIN066_55.png,/storage/workspaces/artorg_aimi/ws_00000/Negin/RETOUCH/img_dataset2/RETOUCH-TrainingSet-Topcon/IRF/TRAIN066_55.png
34,/storage/workspaces/artorg_aimi/ws_00000/Negin/RETOUCH/img_dataset2/RETOUCH-TrainingSet-Topcon/imgs_IRF/TRAIN066_76.png,/storage/workspaces/artorg_aimi/ws_00000/Negin/RETOUCH/img_dataset2/RETOUCH-TrainingSet-Topcon/IRF/TRAIN066_76.png
35,/storage/workspaces/artorg_aimi/ws_00000/Negin/RETOUCH/img_dataset2/RETOUCH-TrainingSet-Topcon/imgs_IRF/TRAIN066_71.png,/storage/workspaces/artorg_aimi/ws_00000/Negin/RETOUCH/img_dataset2/RETOUCH-TrainingSet-Topcon/IRF/TRAIN066_71.png
36,/storage/workspaces/artorg_aimi/ws_00000/Negin/RETOUCH/img_dataset2/RETOUCH-TrainingSet-Topcon/imgs_IRF/TRAIN062_3.png,/storage/workspaces/artorg_aimi/ws_00000/Negin/RETOUCH/img_dataset2/RETOUCH-TrainingSet-Topcon/IRF/TRAIN062_3.png
37,/storage/workspaces/artorg_aimi/ws_00000/Negin/RETOUCH/img_dataset2/RETOUCH-TrainingSet-Topcon/imgs_IRF/TRAIN066_41.png,/storage/workspaces/artorg_aimi/ws_00000/Negin/RETOUCH/img_dataset2/RETOUCH-TrainingSet-Topcon/IRF/TRAIN066_41.png
38,/storage/workspaces/artorg_aimi/ws_00000/Negin/RETOUCH/img_dataset2/RETOUCH-TrainingSet-Topcon/imgs_IRF/TRAIN067_38.png,/storage/workspaces/artorg_aimi/ws_00000/Negin/RETOUCH/img_dataset2/RETOUCH-TrainingSet-Topcon/IRF/TRAIN067_38.png
39,/storage/workspaces/artorg_aimi/ws_00000/Negin/RETOUCH/img_dataset2/RETOUCH-TrainingSet-Topcon/imgs_IRF/TRAIN066_46.png,/storage/workspaces/artorg_aimi/ws_00000/Negin/RETOUCH/img_dataset2/RETOUCH-TrainingSet-Topcon/IRF/TRAIN066_46.png
40,/storage/workspaces/artorg_aimi/ws_00000/Negin/RETOUCH/img_dataset2/RETOUCH-TrainingSet-Topcon/imgs_IRF/TRAIN062_14.png,/storage/workspaces/artorg_aimi/ws_00000/Negin/RETOUCH/img_dataset2/RETOUCH-TrainingSet-Topcon/IRF/TRAIN062_14.png
41,/storage/workspaces/artorg_aimi/ws_00000/Negin/RETOUCH/img_dataset2/RETOUCH-TrainingSet-Topcon/imgs_IRF/TRAIN062_24.png,/storage/workspaces/artorg_aimi/ws_00000/Negin/RETOUCH/img_dataset2/RETOUCH-TrainingSet-Topcon/IRF/TRAIN062_24.png
42,/storage/workspaces/artorg_aimi/ws_00000/Negin/RETOUCH/img_dataset2/RETOUCH-TrainingSet-Topcon/imgs_IRF/TRAIN067_79.png,/storage/workspaces/artorg_aimi/ws_00000/Negin/RETOUCH/img_dataset2/RETOUCH-TrainingSet-Topcon/IRF/TRAIN067_79.png
43,/storage/workspaces/artorg_aimi/ws_00000/Negin/RETOUCH/img_dataset2/RETOUCH-TrainingSet-Topcon/imgs_IRF/TRAIN067_73.png,/storage/workspaces/artorg_aimi/ws_00000/Negin/RETOUCH/img_dataset2/RETOUCH-TrainingSet-Topcon/IRF/TRAIN067_73.png
44,/storage/workspaces/artorg_aimi/ws_00000/Negin/RETOUCH/img_dataset2/RETOUCH-TrainingSet-Topcon/imgs_IRF/TRAIN062_13.png,/storage/workspaces/artorg_aimi/ws_00000/Negin/RETOUCH/img_dataset2/RETOUCH-TrainingSet-Topcon/IRF/TRAIN062_13.png
45,/storage/workspaces/artorg_aimi/ws_00000/Negin/RETOUCH/img_dataset2/RETOUCH-TrainingSet-Topcon/imgs_IRF/TRAIN066_52.png,/storage/workspaces/artorg_aimi/ws_00000/Negin/RETOUCH/img_dataset2/RETOUCH-TrainingSet-Topcon/IRF/TRAIN066_52.png
46,/storage/workspaces/artorg_aimi/ws_00000/Negin/RETOUCH/img_dataset2/RETOUCH-TrainingSet-Topcon/imgs_IRF/TRAIN062_10.png,/storage/workspaces/artorg_aimi/ws_00000/Negin/RETOUCH/img_dataset2/RETOUCH-TrainingSet-Topcon/IRF/TRAIN062_10.png
47,/storage/workspaces/artorg_aimi/ws_00000/Negin/RETOUCH/img_dataset2/RETOUCH-TrainingSet-Topcon/imgs_IRF/TRAIN062_1.png,/storage/workspaces/artorg_aimi/ws_00000/Negin/RETOUCH/img_dataset2/RETOUCH-TrainingSet-Topcon/IRF/TRAIN062_1.png
48,/storage/workspaces/artorg_aimi/ws_00000/Negin/RETOUCH/img_dataset2/RETOUCH-TrainingSet-Topcon/imgs_IRF/TRAIN062_17.png,/storage/workspaces/artorg_aimi/ws_00000/Negin/RETOUCH/img_dataset2/RETOUCH-TrainingSet-Topcon/IRF/TRAIN062_17.png
49,/storage/workspaces/artorg_aimi/ws_00000/Negin/RETOUCH/img_dataset2/RETOUCH-TrainingSet-Topcon/imgs_IRF/TRAIN067_92.png,/storage/workspaces/artorg_aimi/ws_00000/Negin/RETOUCH/img_dataset2/RETOUCH-TrainingSet-Topcon/IRF/TRAIN067_92.png
50,/storage/workspaces/artorg_aimi/ws_00000/Negin/RETOUCH/img_dataset2/RETOUCH-TrainingSet-Topcon/imgs_IRF/TRAIN067_63.png,/storage/workspaces/artorg_aimi/ws_00000/Negin/RETOUCH/img_dataset2/RETOUCH-TrainingSet-Topcon/IRF/TRAIN067_63.png
51,/storage/workspaces/artorg_aimi/ws_00000/Negin/RETOUCH/img_dataset2/RETOUCH-TrainingSet-Topcon/imgs_IRF/TRAIN066_77.png,/storage/workspaces/artorg_aimi/ws_00000/Negin/RETOUCH/img_dataset2/RETOUCH-TrainingSet-Topcon/IRF/TRAIN066_77.png
52,/storage/workspaces/artorg_aimi/ws_00000/Negin/RETOUCH/img_dataset2/RETOUCH-TrainingSet-Topcon/imgs_IRF/TRAIN067_50.png,/storage/workspaces/artorg_aimi/ws_00000/Negin/RETOUCH/img_dataset2/RETOUCH-TrainingSet-Topcon/IRF/TRAIN067_50.png
53,/storage/workspaces/artorg_aimi/ws_00000/Negin/RETOUCH/img_dataset2/RETOUCH-TrainingSet-Topcon/imgs_IRF/TRAIN066_70.png,/storage/workspaces/artorg_aimi/ws_00000/Negin/RETOUCH/img_dataset2/RETOUCH-TrainingSet-Topcon/IRF/TRAIN066_70.png
54,/storage/workspaces/artorg_aimi/ws_00000/Negin/RETOUCH/img_dataset2/RETOUCH-TrainingSet-Topcon/imgs_IRF/TRAIN062_5.png,/storage/workspaces/artorg_aimi/ws_00000/Negin/RETOUCH/img_dataset2/RETOUCH-TrainingSet-Topcon/IRF/TRAIN062_5.png
55,/storage/workspaces/artorg_aimi/ws_00000/Negin/RETOUCH/img_dataset2/RETOUCH-TrainingSet-Topcon/imgs_IRF/TRAIN067_51.png,/storage/workspaces/artorg_aimi/ws_00000/Negin/RETOUCH/img_dataset2/RETOUCH-TrainingSet-Topcon/IRF/TRAIN067_51.png
56,/storage/workspaces/artorg_aimi/ws_00000/Negin/RETOUCH/img_dataset2/RETOUCH-TrainingSet-Topcon/imgs_IRF/TRAIN066_50.png,/storage/workspaces/artorg_aimi/ws_00000/Negin/RETOUCH/img_dataset2/RETOUCH-TrainingSet-Topcon/IRF/TRAIN066_50.png
57,/storage/workspaces/artorg_aimi/ws_00000/Negin/RETOUCH/img_dataset2/RETOUCH-TrainingSet-Topcon/imgs_IRF/TRAIN062_4.png,/storage/workspaces/artorg_aimi/ws_00000/Negin/RETOUCH/img_dataset2/RETOUCH-TrainingSet-Topcon/IRF/TRAIN062_4.png
58,/storage/workspaces/artorg_aimi/ws_00000/Negin/RETOUCH/img_dataset2/RETOUCH-TrainingSet-Topcon/imgs_IRF/TRAIN062_22.png,/storage/workspaces/artorg_aimi/ws_00000/Negin/RETOUCH/img_dataset2/RETOUCH-TrainingSet-Topcon/IRF/TRAIN062_22.png
59,/storage/workspaces/artorg_aimi/ws_00000/Negin/RETOUCH/img_dataset2/RETOUCH-TrainingSet-Topcon/imgs_IRF/TRAIN067_65.png,/storage/workspaces/artorg_aimi/ws_00000/Negin/RETOUCH/img_dataset2/RETOUCH-TrainingSet-Topcon/IRF/TRAIN067_65.png
60,/storage/workspaces/artorg_aimi/ws_00000/Negin/RETOUCH/img_dataset2/RETOUCH-TrainingSet-Topcon/imgs_IRF/TRAIN066_75.png,/storage/workspaces/artorg_aimi/ws_00000/Negin/RETOUCH/img_dataset2/RETOUCH-TrainingSet-Topcon/IRF/TRAIN066_75.png
61,/storage/workspaces/artorg_aimi/ws_00000/Negin/RETOUCH/img_dataset2/RETOUCH-TrainingSet-Topcon/imgs_IRF/TRAIN067_49.png,/storage/workspaces/artorg_aimi/ws_00000/Negin/RETOUCH/img_dataset2/RETOUCH-TrainingSet-Topcon/IRF/TRAIN067_49.png
62,/storage/workspaces/artorg_aimi/ws_00000/Negin/RETOUCH/img_dataset2/RETOUCH-TrainingSet-Topcon/imgs_IRF/TRAIN067_78.png,/storage/workspaces/artorg_aimi/ws_00000/Negin/RETOUCH/img_dataset2/RETOUCH-TrainingSet-Topcon/IRF/TRAIN067_78.png
63,/storage/workspaces/artorg_aimi/ws_00000/Negin/RETOUCH/img_dataset2/RETOUCH-TrainingSet-Topcon/imgs_IRF/TRAIN067_80.png,/storage/workspaces/artorg_aimi/ws_00000/Negin/RETOUCH/img_dataset2/RETOUCH-TrainingSet-Topcon/IRF/TRAIN067_80.png
64,/storage/workspaces/artorg_aimi/ws_00000/Negin/RETOUCH/img_dataset2/RETOUCH-TrainingSet-Topcon/imgs_IRF/TRAIN066_67.png,/storage/workspaces/artorg_aimi/ws_00000/Negin/RETOUCH/img_dataset2/RETOUCH-TrainingSet-Topcon/IRF/TRAIN066_67.png
65,/storage/workspaces/artorg_aimi/ws_00000/Negin/RETOUCH/img_dataset2/RETOUCH-TrainingSet-Topcon/imgs_IRF/TRAIN066_66.png,/storage/workspaces/artorg_aimi/ws_00000/Negin/RETOUCH/img_dataset2/RETOUCH-TrainingSet-Topcon/IRF/TRAIN066_66.png
66,/storage/workspaces/artorg_aimi/ws_00000/Negin/RETOUCH/img_dataset2/RETOUCH-TrainingSet-Topcon/imgs_IRF/TRAIN066_68.png,/storage/workspaces/artorg_aimi/ws_00000/Negin/RETOUCH/img_dataset2/RETOUCH-TrainingSet-Topcon/IRF/TRAIN066_68.png
67,/storage/workspaces/artorg_aimi/ws_00000/Negin/RETOUCH/img_dataset2/RETOUCH-TrainingSet-Topcon/imgs_IRF/TRAIN062_8.png,/storage/workspaces/artorg_aimi/ws_00000/Negin/RETOUCH/img_dataset2/RETOUCH-TrainingSet-Topcon/IRF/TRAIN062_8.png
68,/storage/workspaces/artorg_aimi/ws_00000/Negin/RETOUCH/img_dataset2/RETOUCH-TrainingSet-Topcon/imgs_IRF/TRAIN066_53.png,/storage/workspaces/artorg_aimi/ws_00000/Negin/RETOUCH/img_dataset2/RETOUCH-TrainingSet-Topcon/IRF/TRAIN066_53.png
69,/storage/workspaces/artorg_aimi/ws_00000/Negin/RETOUCH/img_dataset2/RETOUCH-TrainingSet-Topcon/imgs_IRF/TRAIN066_63.png,/storage/workspaces/artorg_aimi/ws_00000/Negin/RETOUCH/img_dataset2/RETOUCH-TrainingSet-Topcon/IRF/TRAIN066_63.png
70,/storage/workspaces/artorg_aimi/ws_00000/Negin/RETOUCH/img_dataset2/RETOUCH-TrainingSet-Topcon/imgs_IRF/TRAIN062_16.png,/storage/workspaces/artorg_aimi/ws_00000/Negin/RETOUCH/img_dataset2/RETOUCH-TrainingSet-Topcon/IRF/TRAIN062_16.png
71,/storage/workspaces/artorg_aimi/ws_00000/Negin/RETOUCH/img_dataset2/RETOUCH-TrainingSet-Topcon/imgs_IRF/TRAIN066_62.png,/storage/workspaces/artorg_aimi/ws_00000/Negin/RETOUCH/img_dataset2/RETOUCH-TrainingSet-Topcon/IRF/TRAIN066_62.png
72,/storage/workspaces/artorg_aimi/ws_00000/Negin/RETOUCH/img_dataset2/RETOUCH-TrainingSet-Topcon/imgs_IRF/TRAIN067_58.png,/storage/workspaces/artorg_aimi/ws_00000/Negin/RETOUCH/img_dataset2/RETOUCH-TrainingSet-Topcon/IRF/TRAIN067_58.png
73,/storage/workspaces/artorg_aimi/ws_00000/Negin/RETOUCH/img_dataset2/RETOUCH-TrainingSet-Topcon/imgs_IRF/TRAIN067_36.png,/storage/workspaces/artorg_aimi/ws_00000/Negin/RETOUCH/img_dataset2/RETOUCH-TrainingSet-Topcon/IRF/TRAIN067_36.png
74,/storage/workspaces/artorg_aimi/ws_00000/Negin/RETOUCH/img_dataset2/RETOUCH-TrainingSet-Topcon/imgs_IRF/TRAIN067_72.png,/storage/workspaces/artorg_aimi/ws_00000/Negin/RETOUCH/img_dataset2/RETOUCH-TrainingSet-Topcon/IRF/TRAIN067_72.png
75,/storage/workspaces/artorg_aimi/ws_00000/Negin/RETOUCH/img_dataset2/RETOUCH-TrainingSet-Topcon/imgs_IRF/TRAIN066_57.png,/storage/workspaces/artorg_aimi/ws_00000/Negin/RETOUCH/img_dataset2/RETOUCH-TrainingSet-Topcon/IRF/TRAIN066_57.png
76,/storage/workspaces/artorg_aimi/ws_00000/Negin/RETOUCH/img_dataset2/RETOUCH-TrainingSet-Topcon/imgs_IRF/TRAIN067_60.png,/storage/workspaces/artorg_aimi/ws_00000/Negin/RETOUCH/img_dataset2/RETOUCH-TrainingSet-Topcon/IRF/TRAIN067_60.png
77,/storage/workspaces/artorg_aimi/ws_00000/Negin/RETOUCH/img_dataset2/RETOUCH-TrainingSet-Topcon/imgs_IRF/TRAIN066_65.png,/storage/workspaces/artorg_aimi/ws_00000/Negin/RETOUCH/img_dataset2/RETOUCH-TrainingSet-Topcon/IRF/TRAIN066_65.png
78,/storage/workspaces/artorg_aimi/ws_00000/Negin/RETOUCH/img_dataset2/RETOUCH-TrainingSet-Topcon/imgs_IRF/TRAIN067_68.png,/storage/workspaces/artorg_aimi/ws_00000/Negin/RETOUCH/img_dataset2/RETOUCH-TrainingSet-Topcon/IRF/TRAIN067_68.png
79,/storage/workspaces/artorg_aimi/ws_00000/Negin/RETOUCH/img_dataset2/RETOUCH-TrainingSet-Topcon/imgs_IRF/TRAIN067_55.png,/storage/workspaces/artorg_aimi/ws_00000/Negin/RETOUCH/img_dataset2/RETOUCH-TrainingSet-Topcon/IRF/TRAIN067_55.png
80,/storage/workspaces/artorg_aimi/ws_00000/Negin/RETOUCH/img_dataset2/RETOUCH-TrainingSet-Topcon/imgs_IRF/TRAIN067_52.png,/storage/workspaces/artorg_aimi/ws_00000/Negin/RETOUCH/img_dataset2/RETOUCH-TrainingSet-Topcon/IRF/TRAIN067_52.png
81,/storage/workspaces/artorg_aimi/ws_00000/Negin/RETOUCH/img_dataset2/RETOUCH-TrainingSet-Topcon/imgs_IRF/TRAIN067_84.png,/storage/workspaces/artorg_aimi/ws_00000/Negin/RETOUCH/img_dataset2/RETOUCH-TrainingSet-Topcon/IRF/TRAIN067_84.png
82,/storage/workspaces/artorg_aimi/ws_00000/Negin/RETOUCH/img_dataset2/RETOUCH-TrainingSet-Topcon/imgs_IRF/TRAIN067_46.png,/storage/workspaces/artorg_aimi/ws_00000/Negin/RETOUCH/img_dataset2/RETOUCH-TrainingSet-Topcon/IRF/TRAIN067_46.png
83,/storage/workspaces/artorg_aimi/ws_00000/Negin/RETOUCH/img_dataset2/RETOUCH-TrainingSet-Topcon/imgs_IRF/TRAIN067_48.png,/storage/workspaces/artorg_aimi/ws_00000/Negin/RETOUCH/img_dataset2/RETOUCH-TrainingSet-Topcon/IRF/TRAIN067_48.png
84,/storage/workspaces/artorg_aimi/ws_00000/Negin/RETOUCH/img_dataset2/RETOUCH-TrainingSet-Topcon/imgs_IRF/TRAIN062_7.png,/storage/workspaces/artorg_aimi/ws_00000/Negin/RETOUCH/img_dataset2/RETOUCH-TrainingSet-Topcon/IRF/TRAIN062_7.png
85,/storage/workspaces/artorg_aimi/ws_00000/Negin/RETOUCH/img_dataset2/RETOUCH-TrainingSet-Topcon/imgs_IRF/TRAIN066_43.png,/storage/workspaces/artorg_aimi/ws_00000/Negin/RETOUCH/img_dataset2/RETOUCH-TrainingSet-Topcon/IRF/TRAIN066_43.png
86,/storage/workspaces/artorg_aimi/ws_00000/Negin/RETOUCH/img_dataset2/RETOUCH-TrainingSet-Topcon/imgs_IRF/TRAIN062_0.png,/storage/workspaces/artorg_aimi/ws_00000/Negin/RETOUCH/img_dataset2/RETOUCH-TrainingSet-Topcon/IRF/TRAIN062_0.png
87,/storage/workspaces/artorg_aimi/ws_00000/Negin/RETOUCH/img_dataset2/RETOUCH-TrainingSet-Topcon/imgs_IRF/TRAIN062_9.png,/storage/workspaces/artorg_aimi/ws_00000/Negin/RETOUCH/img_dataset2/RETOUCH-TrainingSet-Topcon/IRF/TRAIN062_9.png
88,/storage/workspaces/artorg_aimi/ws_00000/Negin/RETOUCH/img_dataset2/RETOUCH-TrainingSet-Topcon/imgs_IRF/TRAIN066_78.png,/storage/workspaces/artorg_aimi/ws_00000/Negin/RETOUCH/img_dataset2/RETOUCH-TrainingSet-Topcon/IRF/TRAIN066_78.png
89,/storage/workspaces/artorg_aimi/ws_00000/Negin/RETOUCH/img_dataset2/RETOUCH-TrainingSet-Topcon/imgs_IRF/TRAIN066_74.png,/storage/workspaces/artorg_aimi/ws_00000/Negin/RETOUCH/img_dataset2/RETOUCH-TrainingSet-Topcon/IRF/TRAIN066_74.png
90,/storage/workspaces/artorg_aimi/ws_00000/Negin/RETOUCH/img_dataset2/RETOUCH-TrainingSet-Topcon/imgs_IRF/TRAIN067_61.png,/storage/workspaces/artorg_aimi/ws_00000/Negin/RETOUCH/img_dataset2/RETOUCH-TrainingSet-Topcon/IRF/TRAIN067_61.png
91,/storage/workspaces/artorg_aimi/ws_00000/Negin/RETOUCH/img_dataset2/RETOUCH-TrainingSet-Topcon/imgs_IRF/TRAIN062_11.png,/storage/workspaces/artorg_aimi/ws_00000/Negin/RETOUCH/img_dataset2/RETOUCH-TrainingSet-Topcon/IRF/TRAIN062_11.png
92,/storage/workspaces/artorg_aimi/ws_00000/Negin/RETOUCH/img_dataset2/RETOUCH-TrainingSet-Topcon/imgs_IRF/TRAIN066_56.png,/storage/workspaces/artorg_aimi/ws_00000/Negin/RETOUCH/img_dataset2/RETOUCH-TrainingSet-Topcon/IRF/TRAIN066_56.png
93,/storage/workspaces/artorg_aimi/ws_00000/Negin/RETOUCH/img_dataset2/RETOUCH-TrainingSet-Topcon/imgs_IRF/TRAIN062_23.png,/storage/workspaces/artorg_aimi/ws_00000/Negin/RETOUCH/img_dataset2/RETOUCH-TrainingSet-Topcon/IRF/TRAIN062_23.png
94,/storage/workspaces/artorg_aimi/ws_00000/Negin/RETOUCH/img_dataset2/RETOUCH-TrainingSet-Topcon/imgs_IRF/TRAIN062_15.png,/storage/workspaces/artorg_aimi/ws_00000/Negin/RETOUCH/img_dataset2/RETOUCH-TrainingSet-Topcon/IRF/TRAIN062_15.png
95,/storage/workspaces/artorg_aimi/ws_00000/Negin/RETOUCH/img_dataset2/RETOUCH-TrainingSet-Topcon/imgs_IRF/TRAIN062_20.png,/storage/workspaces/artorg_aimi/ws_00000/Negin/RETOUCH/img_dataset2/RETOUCH-TrainingSet-Topcon/IRF/TRAIN062_20.png
96,/storage/workspaces/artorg_aimi/ws_00000/Negin/RETOUCH/img_dataset2/RETOUCH-TrainingSet-Topcon/imgs_IRF/TRAIN066_44.png,/storage/workspaces/artorg_aimi/ws_00000/Negin/RETOUCH/img_dataset2/RETOUCH-TrainingSet-Topcon/IRF/TRAIN066_44.png
97,/storage/workspaces/artorg_aimi/ws_00000/Negin/RETOUCH/img_dataset2/RETOUCH-TrainingSet-Topcon/imgs_IRF/TRAIN067_67.png,/storage/workspaces/artorg_aimi/ws_00000/Negin/RETOUCH/img_dataset2/RETOUCH-TrainingSet-Topcon/IRF/TRAIN067_67.png
98,/storage/workspaces/artorg_aimi/ws_00000/Negin/RETOUCH/img_dataset2/RETOUCH-TrainingSet-Topcon/imgs_IRF/TRAIN067_47.png,/storage/workspaces/artorg_aimi/ws_00000/Negin/RETOUCH/img_dataset2/RETOUCH-TrainingSet-Topcon/IRF/TRAIN067_47.png
99,/storage/workspaces/artorg_aimi/ws_00000/Negin/RETOUCH/img_dataset2/RETOUCH-TrainingSet-Topcon/imgs_IRF/TRAIN062_19.png,/storage/workspaces/artorg_aimi/ws_00000/Negin/RETOUCH/img_dataset2/RETOUCH-TrainingSet-Topcon/IRF/TRAIN062_19.png
100,/storage/workspaces/artorg_aimi/ws_00000/Negin/RETOUCH/img_dataset2/RETOUCH-TrainingSet-Topcon/imgs_IRF/TRAIN066_49.png,/storage/workspaces/artorg_aimi/ws_00000/Negin/RETOUCH/img_dataset2/RETOUCH-TrainingSet-Topcon/IRF/TRAIN066_49.png
101,/storage/workspaces/artorg_aimi/ws_00000/Negin/RETOUCH/img_dataset2/RETOUCH-TrainingSet-Topcon/imgs_IRF/TRAIN066_60.png,/storage/workspaces/artorg_aimi/ws_00000/Negin/RETOUCH/img_dataset2/RETOUCH-TrainingSet-Topcon/IRF/TRAIN066_60.png
102,/storage/workspaces/artorg_aimi/ws_00000/Negin/RETOUCH/img_dataset2/RETOUCH-TrainingSet-Topcon/imgs_IRF/TRAIN067_40.png,/storage/workspaces/artorg_aimi/ws_00000/Negin/RETOUCH/img_dataset2/RETOUCH-TrainingSet-Topcon/IRF/TRAIN067_40.png
103,/storage/workspaces/artorg_aimi/ws_00000/Negin/RETOUCH/img_dataset2/RETOUCH-TrainingSet-Topcon/imgs_IRF/TRAIN062_18.png,/storage/workspaces/artorg_aimi/ws_00000/Negin/RETOUCH/img_dataset2/RETOUCH-TrainingSet-Topcon/IRF/TRAIN062_18.png
104,/storage/workspaces/artorg_aimi/ws_00000/Negin/RETOUCH/img_dataset2/RETOUCH-TrainingSet-Topcon/imgs_IRF/TRAIN067_91.png,/storage/workspaces/artorg_aimi/ws_00000/Negin/RETOUCH/img_dataset2/RETOUCH-TrainingSet-Topcon/IRF/TRAIN067_91.png
105,/storage/workspaces/artorg_aimi/ws_00000/Negin/RETOUCH/img_dataset2/RETOUCH-TrainingSet-Topcon/imgs_IRF/TRAIN067_70.png,/storage/workspaces/artorg_aimi/ws_00000/Negin/RETOUCH/img_dataset2/RETOUCH-TrainingSet-Topcon/IRF/TRAIN067_70.png
106,/storage/workspaces/artorg_aimi/ws_00000/Negin/RETOUCH/img_dataset2/RETOUCH-TrainingSet-Topcon/imgs_IRF/TRAIN066_51.png,/storage/workspaces/artorg_aimi/ws_00000/Negin/RETOUCH/img_dataset2/RETOUCH-TrainingSet-Topcon/IRF/TRAIN066_51.png
107,/storage/workspaces/artorg_aimi/ws_00000/Negin/RETOUCH/img_dataset2/RETOUCH-TrainingSet-Topcon/imgs_IRF/TRAIN067_45.png,/storage/workspaces/artorg_aimi/ws_00000/Negin/RETOUCH/img_dataset2/RETOUCH-TrainingSet-Topcon/IRF/TRAIN067_45.png
108,/storage/workspaces/artorg_aimi/ws_00000/Negin/RETOUCH/img_dataset2/RETOUCH-TrainingSet-Topcon/imgs_IRF/TRAIN066_42.png,/storage/workspaces/artorg_aimi/ws_00000/Negin/RETOUCH/img_dataset2/RETOUCH-TrainingSet-Topcon/IRF/TRAIN066_42.png
109,/storage/workspaces/artorg_aimi/ws_00000/Negin/RETOUCH/img_dataset2/RETOUCH-TrainingSet-Topcon/imgs_IRF/TRAIN067_64.png,/storage/workspaces/artorg_aimi/ws_00000/Negin/RETOUCH/img_dataset2/RETOUCH-TrainingSet-Topcon/IRF/TRAIN067_64.png
110,/storage/workspaces/artorg_aimi/ws_00000/Negin/RETOUCH/img_dataset2/RETOUCH-TrainingSet-Topcon/imgs_IRF/TRAIN067_59.png,/storage/workspaces/artorg_aimi/ws_00000/Negin/RETOUCH/img_dataset2/RETOUCH-TrainingSet-Topcon/IRF/TRAIN067_59.png
111,/storage/workspaces/artorg_aimi/ws_00000/Negin/RETOUCH/img_dataset2/RETOUCH-TrainingSet-Topcon/imgs_IRF/TRAIN067_74.png,/storage/workspaces/artorg_aimi/ws_00000/Negin/RETOUCH/img_dataset2/RETOUCH-TrainingSet-Topcon/IRF/TRAIN067_74.png
112,/storage/workspaces/artorg_aimi/ws_00000/Negin/RETOUCH/img_dataset2/RETOUCH-TrainingSet-Topcon/imgs_IRF/TRAIN062_2.png,/storage/workspaces/artorg_aimi/ws_00000/Negin/RETOUCH/img_dataset2/RETOUCH-TrainingSet-Topcon/IRF/TRAIN062_2.png
113,/storage/workspaces/artorg_aimi/ws_00000/Negin/RETOUCH/img_dataset2/RETOUCH-TrainingSet-Topcon/imgs_IRF/TRAIN066_45.png,/storage/workspaces/artorg_aimi/ws_00000/Negin/RETOUCH/img_dataset2/RETOUCH-TrainingSet-Topcon/IRF/TRAIN066_45.png
114,/storage/workspaces/artorg_aimi/ws_00000/Negin/RETOUCH/img_dataset2/RETOUCH-TrainingSet-Topcon/imgs_IRF/TRAIN067_37.png,/storage/workspaces/artorg_aimi/ws_00000/Negin/RETOUCH/img_dataset2/RETOUCH-TrainingSet-Topcon/IRF/TRAIN067_37.png
115,/storage/workspaces/artorg_aimi/ws_00000/Negin/RETOUCH/img_dataset2/RETOUCH-TrainingSet-Topcon/imgs_IRF/TRAIN067_85.png,/storage/workspaces/artorg_aimi/ws_00000/Negin/RETOUCH/img_dataset2/RETOUCH-TrainingSet-Topcon/IRF/TRAIN067_85.png
